Probeset,Ensembl ID ,Symbol,Type,Probe quality
ILMN_2388547,ENSG00000133106,EPSTI1,targetboth,Perfect
ILMN_1760062,ENSG00000137965,IFI44,targetboth,Perfect
ILMN_2347798,ENSG00000126709,IFI6,targetboth,Perfect
ILMN_1707695,ENSG00000185745,IFIT1,targetboth,Perfect
ILMN_1699331,ENSG00000185745,IFIT1,targetboth,Bad
ILMN_1739428,ENSG00000119922,IFIT2,targetboth,Perfect
ILMN_2239754,ENSG00000119917,IFIT3,targetboth,Perfect
ILMN_1701789,ENSG00000119917,IFIT3,targetboth,Perfect
ILMN_1664543,ENSG00000119917,IFIT3,targetboth,Perfect
ILMN_2054019,ENSG00000187608,ISG15,targetboth,Perfect
ILMN_1736729,ENSG00000111335,OAS2,targetboth,Perfect
ILMN_1709333,ENSG00000111335,OAS2,targetboth,Perfect
ILMN_1674063,ENSG00000111335,OAS2,targetboth,Bad
ILMN_1681721,ENSG00000135114,OASL,targetcardio,Perfect
ILMN_1674811,ENSG00000135114,OASL,targetcardio,Perfect
ILMN_1708672,ENSG00000120437,ACAT2,expandedghs,Perfect
ILMN_1749014,ENSG00000131473,ACLY,expandedghs,Perfect
ILMN_2344956,ENSG00000143727,ACP1,expandedghs,Perfect
ILMN_2370882,ENSG00000197142,ACSL5,expandedghs,Perfect
ILMN_2388605,ENSG00000138071,ACTR2,expandedghs,Perfect
ILMN_2320964,ENSG00000160710,ADAR,expandedboth,Perfect
ILMN_1655935,ENSG00000121281,ADCY7,expandedghs,Perfect
ILMN_2129015,ENSG00000172493,AFF1,expandedghs,Perfect
ILMN_1767722,ENSG00000119844,AFTPH,expandedghs,Perfect
ILMN_1662049,ENSG00000155189,AGPAT5,expandedboth,Perfect
ILMN_1770454,ENSG00000188157,AGRN,expandedghs,Perfect
ILMN_1703538,ENSG00000204472,AIF1,expandedghs,Perfect
,ENSG00000206319,,,
,ENSG00000206428,,,
ILMN_1792473,ENSG00000204472,AIF1,expandedghs,Perfect
,ENSG00000206319,,,
,ENSG00000206428,,,
ILMN_1797974,ENSG00000146416,AIG1,expandedghs,Perfect
ILMN_1681301,ENSG00000163568,AIM2,expandedghs,Perfect
ILMN_1709348,ENSG00000165092,ALDH1A1,expandedghs,Perfect
ILMN_2078697,NA,NA,expandedghs,Bad
ILMN_1799848,ENSG00000152766,ANKRD22,expandedghs,Perfect
ILMN_2132599,ENSG00000152766,ANKRD22,expandedboth,Perfect
ILMN_1711899,ENSG00000182718,ANXA2,expandedboth,Perfect
ILMN_2399627,ENSG00000166747,AP1G1,expandedghs,Perfect
ILMN_2362122,ENSG00000185009,AP3M1,expandedghs,Perfect
ILMN_2412172,ENSG00000128394,APOBEC3F,expandedboth,Perfect
ILMN_1702706,ENSG00000128394,APOBEC3F,expandedghs,Perfect
ILMN_1802106,ENSG00000128394,APOBEC3G,expandedghs,Perfect
,ENSG00000221877,,,
,,,,
ILMN_2232478,ENSG00000128394,APOBEC3G,expandedboth,Perfect
,ENSG00000221877,,,
ILMN_1756862,NA,NA,expandedboth,Bad
ILMN_1717154,ENSG00000021776,AQR,expandedghs,Perfect
ILMN_1723884,ENSG00000168374,ARF4,expandedboth,Perfect
ILMN_1777998,ENSG00000163219,ARHGAP25,expandedghs,Perfect
ILMN_2408851,ENSG00000186517,ARHGAP30,expandedghs,Perfect
ILMN_1795247,ENSG00000189079,ARID2,expandedghs,Perfect
ILMN_1781151,ENSG00000114098,ARMC8,expandedboth,Perfect
ILMN_1716026,ENSG00000198960,ARMCX6,expandedghs,Perfect
ILMN_1655561,ENSG00000111229,ARPC3,expandedghs,Perfect
ILMN_1712587,ENSG00000113273,ARSB,expandedghs,Perfect
ILMN_2221673,ENSG00000138381,ASNSD1,expandedghs,Perfect
ILMN_2374865,ENSG00000162772,ATF3,expandedghs,Perfect
ILMN_1772540,ENSG00000166454,ATMIN,expandedghs,Perfect
ILMN_2367753,ENSG00000058668,ATP2B4,expandedghs,Perfect
ILMN_2340565,ENSG00000017260,ATP2C1,expandedboth,Perfect
ILMN_1672191,ENSG00000116459,ATP5F1,expandedghs,Perfect
ILMN_1794912,ENSG00000167863,ATP5H,expandedghs,Perfect
ILMN_1666372,ENSG00000167863,ATP5H,expandedghs,Perfect
ILMN_1652806,ENSG00000154723,ATP5J,expandedghs,Perfect
ILMN_1772929,ENSG00000154723,ATP5J,expandedghs,Perfect
ILMN_2348093,ENSG00000154723,ATP5J,expandedghs,Perfect
ILMN_1711102,ENSG00000170340,B3GNT2,expandedboth,Perfect
ILMN_1690241,ENSG00000168062,BATF2,expandedboth,Perfect
ILMN_1658327,ENSG00000198604,BAZ1A,expandedghs,Perfect
ILMN_2372413,ENSG00000015475,BID,expandedghs,Perfect
ILMN_2147920,NA,BRD7P2,expandedghs,Perfect
ILMN_1696420,ENSG00000166164,BRD7,expandedghs,Perfect
ILMN_2349600,ENSG00000112983,BRD8,expandedghs,Perfect
ILMN_1701711,ENSG00000112983,BRD8,expandedghs,Perfect
ILMN_1770085,ENSG00000159388,BTG2,expandedghs,Perfect
ILMN_2373831,ENSG00000111801,BTN3A3,expandedghs,Perfect
ILMN_1749210,ENSG00000137656,BUD13,expandedghs,Perfect
ILMN_1792270,ENSG00000151893,C10orf46,expandedboth,Perfect
ILMN_1671905,ENSG00000156384,C10orf78,expandedghs,Perfect
ILMN_1786759,ENSG00000134825,C11orf10,expandedboth,Perfect
ILMN_1773148,ENSG00000120458,C11orf61,expandedghs,Perfect
ILMN_1779163,ENSG00000087884,C11orf67,expandedghs,Perfect
ILMN_1758093,ENSG00000070269,C14orf101,expandedghs,Perfect
ILMN_1706305,ENSG00000133983,COX16,expandedghs,Perfect
ILMN_1734440,ENSG00000151445,C14orf133,expandedghs,Perfect
ILMN_1661945,ENSG00000119705,C14orf156,expandedghs,Perfect
ILMN_1652722,ENSG00000156411,C14orf2,expandedghs,Perfect
ILMN_1702526,ENSG00000170222,C17orf48,expandedghs,Perfect
ILMN_1710740,ENSG00000166278,C2,expandedghs,Perfect
,ENSG00000204364,,,
,ENSG00000206372,,,
ILMN_2049727,ENSG00000132823,C20orf111,expandedghs,Perfect
ILMN_1728168,ENSG00000101166,SLMO2,expandedboth,Perfect
ILMN_1787370,ENSG00000003509,C2orf56,expandedboth,Perfect
ILMN_1697742,ENSG00000179021,C3orf38,expandedghs,Perfect
ILMN_1666827,ENSG00000168538,C4orf41,expandedghs,Perfect
ILMN_1752086,ENSG00000168538,C4orf41,expandedghs,Perfect
ILMN_1798108,ENSG00000146476,C6orf211,expandedghs,Perfect
ILMN_1680867,NA,NA,expandedghs,Bad
ILMN_1659524,ENSG00000123545,C6orf66,expandedghs,Perfect
ILMN_1695485,NA,C9orf109,expandedghs,Perfect
ILMN_1665004,ENSG00000108349,CASC3,expandedghs,Perfect
ILMN_2325574,ENSG00000166734,CASC4,expandedghs,Perfect
ILMN_2373763,NA,NA,expandedghs,Bad
ILMN_2150352,ENSG00000172785,CBWD5,expandedghs,Perfect
ILMN_1745946,ENSG00000152240,CCDC5,expandedghs,Perfect
ILMN_1707783,NA,LOC100130394,expandedghs,Perfect
ILMN_1720048,ENSG00000108691,CCL2,expandedboth,Perfect
ILMN_1772964,ENSG00000108700,CCL8,expandedboth,Perfect
ILMN_2276996,ENSG00000121807,FLJ78302,expandedghs,Perfect
,ENSG00000215782,,,
ILMN_1777461,ENSG00000121807,FLJ78302,expandedghs,Perfect
,ENSG00000215782,,,
ILMN_1669062,ENSG00000121807,CCR2,expandedghs,Bad
,ENSG00000215782,,,
ILMN_1679382,ENSG00000166226,CCT2,expandedghs,Perfect
ILMN_1722622,ENSG00000177575,CD163,expandedghs,Perfect
ILMN_2413808,ENSG00000143119,CD53,expandedghs,Perfect
ILMN_1662843,ENSG00000143119,CD53,expandedghs,Perfect
ILMN_1675156,ENSG00000070831,CDC42,expandedghs,Perfect
ILMN_1736327,ENSG00000163171,CDC42EP3,expandedboth,Perfect
ILMN_1790973,ENSG00000101290,CDS2,expandedghs,Perfect
ILMN_1810977,ENSG00000091527,CDV3,expandedboth,Perfect
ILMN_1673788,ENSG00000091527,CDV3,expandedghs,Perfect
ILMN_1686283,ENSG00000093072,CECR1,expandedboth,Perfect
ILMN_1766798,ENSG00000114331,ACAP2,expandedghs,Bad
ILMN_1758778,ENSG00000119397,CEP110,expandedghs,Perfect
ILMN_1774287,ENSG00000166285,CFB,expandedboth,Perfect
,ENSG00000204359,,,
ILMN_2324375,ENSG00000170791,CHCHD7,expandedghs,Perfect
ILMN_2094166,ENSG00000086065,CHMP5,expandedboth,Perfect
ILMN_1774110,ENSG00000106069,CHN2,expandedghs,Perfect
ILMN_1790471,NA,NA,expandedghs,Bad
ILMN_1671516,ENSG00000138433,CIR,expandedghs,Perfect
ILMN_1716336,ENSG00000175216,CKAP5,expandedghs,Perfect
ILMN_1719256,ENSG00000173207,CKS1B,expandedghs,Perfect
ILMN_2292178,ENSG00000172322,CLEC12A,expandedboth,Perfect
ILMN_1711702,NA,NA,expandedghs,Bad
ILMN_1709204,ENSG00000111729,CLEC4A,expandedghs,Perfect
ILMN_1704084,NA,CMAH,expandedghs,Perfect
ILMN_1714082,ENSG00000111726,CMAS,expandedghs,Perfect
ILMN_1783621,ENSG00000134326,CMPK2,expandedboth,Perfect
ILMN_1786532,ENSG00000100528,CNIH,expandedboth,Perfect
ILMN_1772651,ENSG00000111596,CNOT2,expandedghs,Perfect
ILMN_1776154,ENSG00000136152,COG3,expandedghs,Perfect
ILMN_1698621,ENSG00000164597,COG5,expandedghs,Perfect
ILMN_1726591,ENSG00000204397,CARD16,expandedghs,Perfect
ILMN_1701293,ENSG00000112695,COX7A2,expandedghs,Good
ILMN_1668582,ENSG00000113851,CRBN,expandedghs,Perfect
ILMN_1760593,ENSG00000008405,CRY1,expandedghs,Perfect
ILMN_1665797,ENSG00000124207,CSE1L,expandedghs,Perfect
ILMN_1706238,ENSG00000124207,CSE1L,expandedghs,Perfect
ILMN_1799208,ENSG00000169826,CSGALNACT2,expandedboth,Perfect
ILMN_1785988,ENSG00000113712,CSNK1A1,expandedboth,Perfect
ILMN_1762002,ENSG00000176102,CSTF3,expandedghs,Perfect
ILMN_2242463,ENSG00000109861,CTSC,expandedghs,Perfect
ILMN_1696347,ENSG00000109861,CTSC,expandedghs,Perfect
ILMN_1791759,ENSG00000169245,CXCL10,expandedboth,Perfect
ILMN_1801584,ENSG00000121966,CXCR4,expandedboth,Perfect
ILMN_1663751,ENSG00000172115,CYCS,expandedghs,Perfect
ILMN_2305544,ENSG00000155368,DBI,expandedghs,Perfect
ILMN_1755926,ENSG00000155368,DBI,expandedghs,Perfect
ILMN_1776005,ENSG00000198856,OSTC,expandedghs,Perfect
ILMN_1666192,NA,NA,expandedghs,Bad
ILMN_1744059,ENSG00000104671,DCTN6,expandedghs,Good
ILMN_1700628,ENSG00000089737,DDX24,expandedghs,Perfect
ILMN_1747162,ENSG00000213782,DDX47,expandedboth,Perfect
ILMN_1797001,ENSG00000107201,DDX58,expandedboth,Perfect
ILMN_1795181,ENSG00000137628,DDX60,expandedboth,Perfect
ILMN_1699711,ENSG00000158796,DEDD,expandedghs,Perfect
ILMN_2384181,ENSG00000073737,DHRS9,expandedghs,Perfect
ILMN_1744308,ENSG00000005100,DHX33,expandedghs,Perfect
ILMN_2325008,NA,DHX40P,expandedghs,Perfect
ILMN_1678422,ENSG00000108771,DHX58,expandedboth,Perfect
ILMN_1656016,ENSG00000135829,DHX9,expandedboth,Perfect
ILMN_1755589,ENSG00000066084,DIP2B,expandedghs,Perfect
ILMN_1799796,ENSG00000083520,DIS3,expandedghs,Perfect
ILMN_1742276,ENSG00000127993,C7orf64,expandedboth,Perfect
ILMN_1705663,ENSG00000104093,DMXL2,expandedboth,Perfect
ILMN_1752455,ENSG00000147459,DOCK5,expandedghs,Perfect
ILMN_1770048,ENSG00000117543,DPH5,expandedghs,Perfect
ILMN_1658259,ENSG00000185721,DRG1,expandedghs,Perfect
ILMN_1784380,NA,NA,expandedboth,Bad
ILMN_2137464,ENSG00000161202,DVL3,expandedghs,Perfect
ILMN_1773847,ENSG00000077380,DYNC1I2,expandedboth,Perfect
ILMN_1678766,ENSG00000146425,DYNLT1,expandedghs,Perfect
ILMN_1660663,ENSG00000157540,DYRK1A,expandedboth,Perfect
ILMN_1664560,ENSG00000157540,DYRK1A,expandedghs,Perfect
ILMN_1653143,ENSG00000122882,ECD,expandedghs,Perfect
ILMN_1690939,ENSG00000025708,TYMP,expandedghs,Perfect
ILMN_1729167,ENSG00000140598,EFTUD1,expandedghs,Perfect
ILMN_2404629,ENSG00000140598,EFTUD1,expandedghs,Perfect
ILMN_1706502,ENSG00000055332,EIF2AK2,expandedboth,Perfect
ILMN_1655497,ENSG00000063046,EIF4B,expandedghs,Perfect
ILMN_1738326,ENSG00000135930,EIF4E2,expandedboth,Perfect
ILMN_1796146,ENSG00000163412,EIF4E3,expandedghs,Bad
ILMN_2279635,ENSG00000110321,EIF4G2,expandedboth,Perfect
ILMN_1709747,ENSG00000157036,EXOG,expandedghs,Perfect
ILMN_1746276,ENSG00000120616,EPC1,expandedghs,Perfect
ILMN_1795495,ENSG00000134899,ERCC5,expandedghs,Perfect
ILMN_1781795,ENSG00000100632,ERH,expandedghs,Perfect
ILMN_1700671,ENSG00000010030,ETV7,expandedghs,Perfect
ILMN_2394750,ENSG00000131558,EXOC4,expandedboth,Perfect
ILMN_1660840,ENSG00000121644,PPPDE1,expandedghs,Perfect
ILMN_1669555,ENSG00000102710,FAM48A,expandedghs,Perfect
ILMN_2378100,ENSG00000118564,FBXL5,expandedghs,Perfect
ILMN_2123743,ENSG00000158869,FCER1G,expandedghs,Perfect
ILMN_2261600,ENSG00000150337,FCGR1C,expandedboth,Perfect
ILMN_1706523,ENSG00000143226,FCGR2A,expandedboth,Perfect
ILMN_2370976,ENSG00000138119,MYOF,expandedboth,Perfect
ILMN_1797895,ENSG00000126262,FFAR2,expandedboth,Perfect
ILMN_1693009,ENSG00000127951,FGL2,expandedghs,Perfect
ILMN_1768743,ENSG00000145216,FIP1L1,expandedghs,Perfect
ILMN_1683658,ENSG00000088832,FKBP1A,expandedboth,Perfect
ILMN_1726930,ENSG00000113597,C5orf44,expandedghs,Perfect
ILMN_1680644,ENSG00000164654,MIOS,expandedghs,Perfect
ILMN_2392569,ENSG00000171049,FPR2,expandedboth,Perfect
ILMN_1740875,ENSG00000171049,FPR2,expandedghs,Perfect
ILMN_2154052,ENSG00000119537,KDSR,expandedghs,Perfect
ILMN_2151281,ENSG00000139112,GABARAPL1,expandedghs,Perfect
ILMN_1659682,ENSG00000156958,GALK2,expandedboth,Perfect
ILMN_1681984,ENSG00000164574,GALNT10,expandedghs,Perfect
ILMN_1793220,ENSG00000159131,GART,expandedboth,Perfect
ILMN_2148785,ENSG00000117228,GBP1,expandedboth,Perfect
ILMN_1701114,ENSG00000117228,GBP1,expandedghs,Perfect
ILMN_1774077,ENSG00000162645,GBP2,expandedboth,Perfect
ILMN_1771385,ENSG00000162654,GBP4,expandedboth,Perfect
ILMN_2114568,ENSG00000154451,GBP5,expandedboth,Perfect
ILMN_1812759,ENSG00000131979,GCH1,expandedboth,Perfect
ILMN_2335813,ENSG00000131979,GCH1,expandedboth,Perfect
ILMN_1769383,ENSG00000196329,GIMAP5,expandedghs,Perfect
ILMN_1776678,ENSG00000179144,GIMAP7,expandedghs,Perfect
ILMN_1760922,ENSG00000139436,GIT2,expandedboth,Perfect
ILMN_2355776,ENSG00000139436,GIT2,expandedghs,Perfect
ILMN_1694323,ENSG00000119392,GLE1,expandedboth,Perfect
ILMN_1737308,ENSG00000173221,GLRX,expandedghs,Perfect
ILMN_1713756,ENSG00000148672,GLUD1,expandedghs,Perfect
ILMN_1757074,ENSG00000059769,GNG10,expandedghs,Perfect
ILMN_1671237,ENSG00000167083,GNGT2,expandedghs,Perfect
ILMN_2324056,ENSG00000163938,GNL3,expandedboth,Perfect
ILMN_1716821,ENSG00000114745,GORASP1,expandedboth,Perfect
ILMN_1656818,ENSG00000187037,GPR141,expandedghs,Perfect
ILMN_1780368,ENSG00000125245,GPR18,expandedboth,Perfect
ILMN_1737857,ENSG00000137947,GTF2B,expandedboth,Perfect
ILMN_2208158,NA,GTF2IP1,expandedghs,Perfect
ILMN_1750658,ENSG00000143575,HAX1,expandedghs,Perfect
ILMN_2398903,ENSG00000143575,HAX1,expandedghs,Perfect
ILMN_1707236,ENSG00000004961,HCCS,expandedghs,Perfect
ILMN_1729749,NA,NA,expandedboth,Bad
ILMN_1654639,ENSG00000138642,HERC6,expandedboth,Perfect
ILMN_2374159,ENSG00000051108,HERPUD1,expandedghs,Perfect
ILMN_2374164,ENSG00000051108,HERPUD1,expandedghs,Perfect
ILMN_1785158,ENSG00000122557,HERPUD2,expandedghs,Perfect
ILMN_1742929,ENSG00000163666,HESX1,expandedboth,Perfect
ILMN_1763007,ENSG00000156875,HIAT1,expandedghs,Perfect
ILMN_1689655,ENSG00000204287,HLA-DRA,expandedghs,Perfect
,ENSG00000206243,,,
ILMN_1790881,ENSG00000150540,HNMT,expandedghs,Perfect
ILMN_2362245,ENSG00000126945,HNRNPH2,expandedboth,Perfect
ILMN_1807633,ENSG00000132541,HRSP12,expandedghs,Perfect
ILMN_1838310,NA,NA,expandedghs,Perfect
ILMN_1835092,ENSG00000137959,IFI44L,expandedghs,Perfect
ILMN_1913060,NA,NA,expandedghs,Bad
ILMN_1847965,NA,NA,expandedghs,Perfect
ILMN_1840920,NA,NA,expandedghs,Perfect
ILMN_1848843,NA,NA,expandedghs,Bad
ILMN_1856861,ENSG00000114933,INO80D,expandedghs,Perfect
ILMN_1845037,NA,NA,expandedghs,Bad
ILMN_1860051,NA,NA,expandedghs,Bad
ILMN_1822495,NA,NA,expandedghs,Perfect
ILMN_1908488,NA,NA,expandedghs,Perfect
ILMN_1913537,NA,NA,expandedghs,Perfect
ILMN_1841620,NA,NA,expandedghs,Perfect
ILMN_1910908,NA,NA,expandedghs,Perfect
ILMN_1788017,NA,NA,expandedboth,Bad
ILMN_1733956,ENSG00000196305,IARS,expandedghs,Perfect
ILMN_1696432,ENSG00000138413,IDH1,expandedghs,Perfect
ILMN_1698533,NA,NA,expandedghs,Bad
ILMN_1710937,ENSG00000163565,IFI16,expandedghs,Perfect
ILMN_2058782,ENSG00000165949,IFI27,expandedboth,Perfect
ILMN_1745374,ENSG00000068079,IFI35,expandedboth,Perfect
ILMN_1723912,ENSG00000137959,IFI44L,expandedboth,Perfect
ILMN_1687384,NA,NA,expandedghs,Bad
ILMN_1696654,NA,NA,expandedboth,Bad
ILMN_1801246,ENSG00000185885,IFITM1,expandedboth,Perfect
ILMN_1673352,ENSG00000185201,IFITM2,expandedboth,Perfect
ILMN_1805750,ENSG00000142089,IFITM3,expandedboth,Perfect
ILMN_2369221,ENSG00000164136,IL15,expandedboth,Perfect
ILMN_1697710,ENSG00000125571,IL1F7,expandedboth,Perfect
ILMN_1689734,ENSG00000136689,IL1RN,expandedboth,Perfect
ILMN_1782579,ENSG00000132305,IMMT,expandedghs,Perfect
ILMN_2381603,ENSG00000071243,ING3,expandedboth,Perfect
ILMN_2394561,ENSG00000168264,IRF2BP2,expandedghs,Perfect
ILMN_2349061,ENSG00000185507,IRF7,expandedboth,Perfect
ILMN_1798181,ENSG00000185507,IRF7,expandedboth,Perfect
ILMN_1659913,ENSG00000172183,ISG20,expandedboth,Perfect
ILMN_1662128,ENSG00000172780,ISY1,expandedboth,Perfect
,ENSG00000221812,,,
ILMN_1714820,ENSG00000150093,ITGB1,expandedboth,Perfect
ILMN_1793384,ENSG00000162434,JAK1,expandedboth,Perfect
ILMN_1683178,ENSG00000096968,JAK2,expandedghs,Perfect
ILMN_1697597,ENSG00000159658,KIAA0494,expandedghs,Perfect
ILMN_1733115,ENSG00000170471,KIAA1219,expandedghs,Perfect
ILMN_1674891,ENSG00000180843,KIAA1618,expandedghs,Perfect
ILMN_2289093,NA,NA,expandedboth,Bad
ILMN_1838885,ENSG00000152223,KIAA1632,expandedghs,Perfect
ILMN_1769140,ENSG00000165185,KIAA1958,expandedghs,Perfect
ILMN_1803254,ENSG00000100796,SMEK1,expandedghs,Perfect
ILMN_1811472,ENSG00000137807,KIF23,expandedghs,Perfect
ILMN_1683792,ENSG00000002549,LAP3,expandedboth,Perfect
ILMN_1750321,NA,LBA1,expandedghs,Perfect
ILMN_1768969,ENSG00000143815,LBR,expandedboth,Perfect
ILMN_1658962,ENSG00000043462,LCP2,expandedghs,Perfect
ILMN_1801553,ENSG00000166477,LEO1,expandedghs,Perfect
ILMN_1782743,ENSG00000050426,LETMD1,expandedghs,Perfect
ILMN_1659688,ENSG00000108679,LOC100133842,expandedboth,Perfect
ILMN_1715760,ENSG00000168961,LGALS9,expandedboth,Perfect
ILMN_1747744,ENSG00000145685,LHFPL2,expandedghs,Perfect
ILMN_1683678,ENSG00000196141,LOC26010,expandedboth,Perfect
ILMN_1729269,NA,LOC285074,expandedghs,Perfect
ILMN_1690911,ENSG00000155330,C16orf87,expandedghs,Perfect
ILMN_1782487,ENSG00000117228,GBP1,expandedghs,Perfect
ILMN_1792528,ENSG00000118181,RPS25,expandedghs,Good
ILMN_1761281,NA,NA,expandedghs,Bad
ILMN_1757072,NA,NA,expandedghs,Bad
ILMN_1695034,NA,LOC100132528,expandedghs,Good
ILMN_1813801,NA,LOC643668,expandedghs,Perfect
ILMN_1721659,ENSG00000100764,PSMC1,expandedghs,Perfect
ILMN_1701753,NA,LOC644063,expandedghs,Perfect
ILMN_1801999,ENSG00000162825,LOC727908,expandedghs,Good
ILMN_1779258,NA,NA,expandedghs,Bad
ILMN_1742887,ENSG00000134248,HBXIP,expandedghs,Perfect
ILMN_1720745,NA,LOC644037,expandedghs,Good
ILMN_1732328,ENSG00000116251,RPL22,expandedghs,Perfect
ILMN_1700950,ENSG00000198856,LOC646567,expandedghs,Perfect
ILMN_1702585,ENSG00000119335,LOC646817,expandedghs,Perfect
ILMN_1761922,NA,NA,expandedghs,Bad
ILMN_1732313,NA,LOC647195,expandedghs,Perfect
ILMN_1665736,NA,LOC642784,expandedghs,Perfect
ILMN_1732074,NA,LOC644037,expandedghs,Perfect
ILMN_1737574,ENSG00000185973,LOC648605,expandedghs,Perfect
ILMN_1726667,NA,hCG_1789710,expandedghs,Good
ILMN_1651680,NA,LOC644604,expandedghs,Perfect
ILMN_1690063,NA,NA,expandedghs,Bad
ILMN_1718353,NA,LOC652455,expandedghs,Good
ILMN_1666564,NA,LOC100133788,expandedghs,Perfect
ILMN_1708627,ENSG00000143742,hCG_1781062,expandedghs,Perfect
,ENSG00000180581,,,
ILMN_1790819,ENSG00000162959,MEMO1,expandedghs,Perfect
ILMN_1719344,ENSG00000148572,NRBF2,expandedghs,Perfect
ILMN_1757336,ENSG00000186001,LRCH3,expandedboth,Perfect
ILMN_2094396,ENSG00000171488,LRRC8C,expandedghs,Perfect
ILMN_1695404,ENSG00000160932,LY6E,expandedboth,Perfect
ILMN_1703132,ENSG00000083099,LYRM2,expandedghs,Perfect
ILMN_2084353,ENSG00000003056,M6PR,expandedboth,Perfect
ILMN_1798454,ENSG00000124688,MAD2L1BP,expandedboth,Perfect
ILMN_1661577,ENSG00000182759,MAFA,expandedghs,Perfect
ILMN_2215656,ENSG00000162385,MAGOH,expandedghs,Good
ILMN_2379326,ENSG00000135341,MAP3K7,expandedboth,Perfect
ILMN_1681101,ENSG00000145416,38776,expandedghs,Perfect
ILMN_1673960,ENSG00000038274,MAT2B,expandedboth,Perfect
ILMN_1806818,ENSG00000112118,MCM3,expandedghs,Perfect
ILMN_1736460,ENSG00000111554,MDM1,expandedboth,Perfect
ILMN_1674506,ENSG00000112282,MED23,expandedghs,Perfect
ILMN_1659537,NA,NA,expandedghs,Bad
ILMN_1655635,ENSG00000165819,METTL3,expandedghs,Perfect
ILMN_1715863,ENSG00000168404,MLKL,expandedghs,Perfect
ILMN_1737498,NA,NA,expandedboth,Bad
ILMN_1736165,ENSG00000055609,MLL3,expandedghs,Perfect
ILMN_2408877,ENSG00000055609,MLL3,expandedghs,Perfect
ILMN_1694596,ENSG00000064763,FAR2,expandedghs,Good
ILMN_1738992,ENSG00000163563,MNDA,expandedghs,Perfect
ILMN_2274923,ENSG00000164172,MOCS2,expandedghs,Perfect
ILMN_1666156,ENSG00000123562,MORF4L2,expandedghs,Perfect
ILMN_1725700,ENSG00000155363,MOV10,expandedboth,Perfect
ILMN_1752355,ENSG00000197629,MPEG1,expandedghs,Perfect
ILMN_1709483,ENSG00000020922,MRE11A,expandedghs,Perfect
ILMN_1663220,ENSG00000082515,MRPL22,expandedghs,Perfect
ILMN_1753016,ENSG00000132313,MRPL35,expandedghs,Perfect
ILMN_1658416,ENSG00000163319,MRPS18C,expandedghs,Perfect
ILMN_1701306,NA,NA,expandedghs,Bad
ILMN_1721035,ENSG00000110077,MS4A6A,expandedghs,Perfect
ILMN_2359800,ENSG00000110077,MS4A6A,expandedghs,Perfect
ILMN_1691156,ENSG00000205362,MT1A,expandedghs,Perfect
ILMN_1686664,ENSG00000125148,MT2A,expandedboth,Good
ILMN_2405521,ENSG00000065911,MTHFD2,expandedboth,Perfect
ILMN_1686985,ENSG00000171100,MTM1,expandedghs,Perfect
ILMN_1662358,ENSG00000157601,MX1,expandedboth,Perfect
ILMN_2231928,ENSG00000183486,MX2,expandedboth,Perfect
ILMN_1688071,ENSG00000171428,NAT1,expandedghs,Perfect
ILMN_1674250,ENSG00000123338,NCKAP1L,expandedboth,Perfect
ILMN_1784286,ENSG00000125356,NDUFA1,expandedghs,Perfect
ILMN_1760741,ENSG00000139180,NDUFA9,expandedghs,Perfect
ILMN_1776104,ENSG00000168653,NDUFS5,expandedghs,Perfect
ILMN_1785711,ENSG00000129559,NEDD8,expandedghs,Perfect
ILMN_1690325,ENSG00000001167,NFYA,expandedghs,Perfect
ILMN_1690049,ENSG00000129460,NGDN,expandedghs,Perfect
ILMN_2324998,ENSG00000129460,NGDN,expandedghs,Perfect
ILMN_2330994,NA,NA,expandedghs,Bad
ILMN_1716704,ENSG00000140853,NLRC5,expandedboth,Perfect
ILMN_1703153,ENSG00000140632,N-PAC,expandedghs,Good
ILMN_1812384,ENSG00000113580,NR3C1,expandedghs,Perfect
ILMN_1800897,ENSG00000078618,NRD1,expandedghs,Perfect
ILMN_1680687,ENSG00000073969,NSF,expandedghs,Perfect
ILMN_1815723,ENSG00000163002,NUP35,expandedghs,Perfect
ILMN_1732776,ENSG00000110713,NUP98,expandedghs,Perfect
ILMN_2410826,ENSG00000089127,OAS1,expandedboth,Perfect
ILMN_1675640,ENSG00000089127,OAS1,expandedboth,Perfect
ILMN_2248970,NA,NA,expandedboth,Bad
ILMN_2184262,NA,NA,expandedboth,Bad
ILMN_1745397,NA,NA,expandedghs,Bad
ILMN_1715809,ENSG00000119900,OGFRL1,expandedghs,Perfect
ILMN_1670079,ENSG00000162600,OMA1,expandedghs,Perfect
ILMN_1784946,ENSG00000135336,ORC3L,expandedghs,Perfect
ILMN_2328378,ENSG00000070882,OSBPL3,expandedghs,Perfect
ILMN_1663347,ENSG00000115155,OTOF,expandedboth,Perfect
ILMN_1664525,ENSG00000181631,P2RY13,expandedghs,Perfect
ILMN_1786429,ENSG00000139679,P2RY5,expandedghs,Perfect
ILMN_1652753,ENSG00000175575,PAAF1,expandedghs,Perfect
ILMN_1736806,ENSG00000076641,PAG1,expandedghs,Perfect
ILMN_1767365,ENSG00000149269,PAK1,expandedghs,Perfect
ILMN_1781819,ENSG00000138801,PAPSS1,expandedghs,Perfect
ILMN_1710844,ENSG00000178685,PARP10,expandedghs,Perfect
ILMN_1718558,ENSG00000059378,PARP12,expandedboth,Perfect
ILMN_2053527,ENSG00000138496,PARP9,expandedboth,Perfect
ILMN_1731224,ENSG00000138496,PARP9,expandedghs,Perfect
ILMN_1667925,ENSG00000115539,PDCL3,expandedghs,Perfect
ILMN_2278819,ENSG00000205268,PDE7A,expandedghs,Perfect
ILMN_1689518,ENSG00000198802,PECAM1,expandedghs,Perfect
ILMN_2384536,ENSG00000198721,PECI,expandedghs,Perfect
ILMN_1679268,ENSG00000197329,PELI1,expandedghs,Perfect
ILMN_1755536,ENSG00000123349,PFDN5,expandedghs,Perfect
ILMN_2356284,ENSG00000123349,PFDN5,expandedghs,Good
ILMN_1713031,ENSG00000104324,PGCP,expandedghs,Perfect
ILMN_1755749,NA,LOC100132888,expandedghs,Perfect
ILMN_2401769,ENSG00000106443,PHF14,expandedghs,Perfect
ILMN_1775901,ENSG00000100410,PHF5A,expandedghs,Perfect
ILMN_1652412,ENSG00000102893,PHKB,expandedboth,Perfect
ILMN_2083567,ENSG00000040199,PHLPPL,expandedghs,Perfect
ILMN_1815134,ENSG00000038210,PI4K2B,expandedghs,Perfect
ILMN_1780598,ENSG00000033800,PIAS1,expandedghs,Perfect
ILMN_1778709,ENSG00000073921,PICALM,expandedghs,Perfect
ILMN_2397571,ENSG00000135845,PIGC,expandedghs,Perfect
ILMN_1808938,ENSG00000151665,PIGF,expandedghs,Perfect
ILMN_1774949,ENSG00000185808,PIGP,expandedghs,Perfect
ILMN_1769606,ENSG00000134627,PIWIL4,expandedghs,Perfect
ILMN_2093343,ENSG00000145287,PLAC8,expandedghs,Perfect
ILMN_1653026,ENSG00000145287,PLAC8,expandedghs,Perfect
ILMN_1733666,NA,NA,expandedghs,Bad
ILMN_1749634,ENSG00000171566,PLRG1,expandedghs,Perfect
ILMN_1745242,ENSG00000188313,PLSCR1,expandedboth,Perfect
ILMN_2088172,ENSG00000047315,POLR2B,expandedghs,Perfect
ILMN_1791093,ENSG00000134283,PPHLN1,expandedghs,Perfect
ILMN_2322842,ENSG00000134283,PPHLN1,expandedboth,Perfect
ILMN_1801913,ENSG00000171960,PPIH,expandedboth,Perfect
ILMN_2070044,ENSG00000163644,PPM1K,expandedghs,Perfect
ILMN_1738784,ENSG00000066027,PPP2R5A,expandedghs,Perfect
ILMN_1789283,ENSG00000078304,PPP2R5C,expandedghs,Good
ILMN_2364971,ENSG00000078304,PPP2R5C,expandedboth,Perfect
ILMN_1796962,ENSG00000115953,PPP3R1,expandedghs,Perfect
ILMN_2366391,ENSG00000117450,PRDX1,expandedboth,Good
ILMN_2395969,ENSG00000165672,PRDX3,expandedghs,Good
ILMN_2395974,ENSG00000165672,PRDX3,expandedghs,Perfect
ILMN_1787509,ENSG00000130589,PRIC285,expandedboth,Perfect
ILMN_1695868,ENSG00000124593,PRICKLE4,expandedghs,Good
ILMN_1751984,ENSG00000181929,PRKAG1,expandedghs,Perfect
ILMN_2360415,ENSG00000171867,PRNP,expandedghs,Perfect
ILMN_1715392,ENSG00000117360,PRPF3,expandedghs,Perfect
ILMN_2387553,ENSG00000100567,PSMA3,expandedghs,Perfect
ILMN_2318011,ENSG00000100567,PSMA3,expandedghs,Perfect
ILMN_1704094,ENSG00000100902,PSMA6,expandedghs,Perfect
ILMN_2376108,ENSG00000204261,PSMB9,expandedboth,Perfect
,ENSG00000206232,,,
,ENSG00000206296,,,
ILMN_1687887,ENSG00000013275,PSMC4,expandedghs,Perfect
ILMN_1702837,ENSG00000173692,PSMD1,expandedghs,Perfect
ILMN_1776102,ENSG00000101843,PSMD10,expandedghs,Perfect
ILMN_2281128,ENSG00000101843,PSMD10,expandedghs,Perfect
ILMN_2383435,ENSG00000101843,PSMD10,expandedboth,Perfect
ILMN_1786612,ENSG00000100911,PSME2,expandedboth,Perfect
ILMN_1760575,ENSG00000112245,PTP4A1,expandedghs,Perfect
ILMN_2311548,ENSG00000141378,PTRH2,expandedghs,Perfect
ILMN_1753196,ENSG00000164611,PTTG1,expandedghs,Perfect
ILMN_1752582,ENSG00000111540,RAB5B,expandedghs,Perfect
ILMN_1790354,ENSG00000137955,RABGGTB,expandedghs,Perfect
ILMN_1687782,ENSG00000152942,RAD17,expandedghs,Perfect
ILMN_2321634,ENSG00000152942,RAD17,expandedghs,Perfect
ILMN_1806266,ENSG00000138698,RAP1GDS1,expandedghs,Perfect
ILMN_1725992,ENSG00000158987,RAPGEF6,expandedghs,Perfect
ILMN_1701613,ENSG00000133321,RARRES3,expandedboth,Perfect
ILMN_1756999,ENSG00000103479,RBL2,expandedghs,Perfect
ILMN_1673024,ENSG00000179837,RBM15B,expandedghs,Perfect
ILMN_1695717,ENSG00000089682,RBM41,expandedghs,Perfect
ILMN_2338480,ENSG00000126858,RHOT1,expandedghs,Perfect
ILMN_1754051,ENSG00000178966,RMI1,expandedghs,Bad
ILMN_1697529,ENSG00000022840,RNF10,expandedghs,Perfect
ILMN_1752526,ENSG00000137393,RNF144B,expandedghs,Perfect
ILMN_1685679,ENSG00000118518,RNF146,expandedghs,Perfect
ILMN_2353327,ENSG00000137075,RNF38,expandedboth,Perfect
ILMN_1688606,ENSG00000189050,RNFT1,expandedboth,Perfect
ILMN_1659255,NA,NA,expandedghs,Bad
ILMN_2160388,ENSG00000114391,RPL24,expandedghs,Good
ILMN_1731546,ENSG00000161970,RPL26,expandedghs,Good
ILMN_1754303,ENSG00000156482,RPL30,expandedghs,Perfect
ILMN_1754195,ENSG00000071082,RPL31,expandedghs,Good
ILMN_1774823,ENSG00000109475,RPL34,expandedghs,Perfect
ILMN_1756360,ENSG00000182899,RPL35A,expandedghs,Good
ILMN_2189936,ENSG00000165502,RPL36AL,expandedghs,Perfect
ILMN_2189933,ENSG00000165502,RPL36AL,expandedghs,Perfect
ILMN_1717490,NA,RPL6P27,expandedboth,Perfect
ILMN_1787949,ENSG00000134419,RPS15A,expandedghs,Perfect
ILMN_2255310,ENSG00000134419,RPS15A,expandedghs,Perfect
ILMN_2399893,ENSG00000138326,RPS24,expandedghs,Perfect
ILMN_1746516,ENSG00000118181,RPS25,expandedghs,Good
ILMN_2166831,ENSG00000198034,RPS4X,expandedghs,Perfect
ILMN_1810577,ENSG00000198034,RPS4X,expandedghs,Perfect
ILMN_1808939,ENSG00000137154,RPS6,expandedboth,Perfect
ILMN_1656791,ENSG00000137154,RPS6,expandedghs,Good
ILMN_1806294,ENSG00000177189,RPS6KA3,expandedboth,Perfect
ILMN_1661000,ENSG00000136643,RPS6KC1,expandedghs,Perfect
ILMN_1657871,ENSG00000134321,RSAD2,expandedboth,Perfect
ILMN_2173975,ENSG00000136514,RTP4,expandedboth,Perfect
ILMN_2119297,ENSG00000020577,SAMD4A,expandedboth,Perfect
ILMN_1814305,NA,NA,expandedboth,Bad
ILMN_1799467,NA,NA,expandedboth,Bad
ILMN_1700044,ENSG00000136715,SAP130,expandedghs,Perfect
ILMN_1689842,ENSG00000052802,SC4MOL,expandedghs,Perfect
ILMN_1701621,ENSG00000130489,SCO2,expandedboth,Perfect
ILMN_2363591,ENSG00000137575,SDCBP,expandedghs,Perfect
ILMN_1772489,ENSG00000165525,SDCCAG1,expandedghs,Perfect
ILMN_1732575,ENSG00000129657,SEC14L1,expandedghs,Perfect
ILMN_1708619,ENSG00000085415,SEH1L,expandedghs,Perfect
ILMN_2134110,ENSG00000113811,SELK,expandedghs,Good
ILMN_1724422,ENSG00000188404,SELL,expandedghs,Perfect
ILMN_1801121,ENSG00000163904,SENP2,expandedghs,Perfect
ILMN_2123567,ENSG00000163904,SENP2,expandedghs,Perfect
ILMN_2338452,ENSG00000197249,SERPINA1,expandedghs,Perfect
ILMN_1670305,ENSG00000149131,SERPING1,expandedboth,Perfect
ILMN_1724495,ENSG00000187231,SESTD1,expandedghs,Perfect
ILMN_1703720,ENSG00000115128,SF3B14,expandedghs,Perfect
ILMN_2391750,ENSG00000163935,SFMBT1,expandedghs,Perfect
ILMN_2069593,ENSG00000139218,SFRS2IP,expandedghs,Perfect
ILMN_2128128,ENSG00000127922,SHFM1,expandedghs,Good
ILMN_1794505,ENSG00000127922,SHFM1,expandedghs,Perfect
ILMN_1725320,ENSG00000088827,SIGLEC1,expandedboth,Perfect
ILMN_2344007,ENSG00000092208,SIP1,expandedghs,Good
ILMN_1672662,ENSG00000144136,SLC20A1,expandedghs,Perfect
ILMN_1752639,ENSG00000085491,SLC25A24,expandedboth,Perfect
ILMN_1742705,ENSG00000133195,SLC39A11,expandedghs,Perfect
ILMN_1682738,ENSG00000166949,SMAD3,expandedghs,Perfect
ILMN_1768271,ENSG00000112305,SMAP1,expandedghs,Perfect
ILMN_1808148,NA,NA,expandedghs,Bad
ILMN_1687519,ENSG00000092531,SNAP23,expandedboth,Perfect
ILMN_2365479,ENSG00000028528,SNX1,expandedghs,Perfect
ILMN_2365484,ENSG00000028528,SNX1,expandedghs,Bad
ILMN_1738491,ENSG00000148158,SNX30,expandedghs,Perfect
ILMN_1709772,ENSG00000089006,SNX5,expandedghs,Perfect
ILMN_1685327,ENSG00000159140,SON,expandedghs,Perfect
ILMN_1703427,ENSG00000159140,SON,expandedboth,Perfect
ILMN_1767135,ENSG00000115904,SOS1,expandedghs,Perfect
ILMN_1764414,ENSG00000100485,SOS2,expandedghs,Perfect
ILMN_1813455,ENSG00000135899,SP110,expandedboth,Perfect
ILMN_1703263,ENSG00000079263,SP140,expandedboth,Perfect
ILMN_1778599,NA,NA,expandedboth,Bad
ILMN_2246882,ENSG00000079263,SP140,expandedboth,Perfect
ILMN_1657423,ENSG00000090487,SPG21,expandedboth,Perfect
ILMN_1704290,ENSG00000100596,SPTLC2,expandedboth,Perfect
ILMN_2286334,ENSG00000163714,SR140,expandedghs,Perfect
ILMN_2169152,ENSG00000122862,SRGN,expandedghs,Perfect
ILMN_1760347,ENSG00000122862,SRGN,expandedghs,Perfect
ILMN_1759883,ENSG00000143742,SRP9,expandedghs,Good
,ENSG00000180581,,,
ILMN_1783226,ENSG00000163479,SSR2,expandedghs,Perfect
ILMN_1690105,ENSG00000115415,STAT1,expandedboth,Perfect
ILMN_1691364,ENSG00000115415,STAT1,expandedboth,Perfect
ILMN_1777325,ENSG00000115415,STAT1,expandedboth,Perfect
ILMN_2152581,ENSG00000112079,STK38,expandedghs,Perfect
ILMN_1696419,ENSG00000148175,STOM,expandedboth,Perfect
ILMN_1746090,ENSG00000134910,STT3A,expandedghs,Perfect
ILMN_1752895,ENSG00000170310,STX8,expandedghs,Perfect
ILMN_2333594,ENSG00000184900,SUMO2,expandedboth,Perfect
ILMN_1781516,ENSG00000092201,SUPT16H,expandedghs,Perfect
ILMN_1756590,NA,NA,expandedghs,Bad
ILMN_1653367,ENSG00000120656,TAF12,expandedghs,Perfect
ILMN_1694888,ENSG00000064313,TAF2,expandedghs,Perfect
ILMN_1777565,NA,NA,expandedghs,Bad
ILMN_1734138,ENSG00000157014,TATDN2,expandedghs,Perfect
ILMN_1744316,ENSG00000203705,TATDN3,expandedboth,Perfect
ILMN_2374770,ENSG00000106052,TAX1BP1,expandedghs,Perfect
ILMN_2402272,ENSG00000180964,TCEAL8,expandedghs,Perfect
ILMN_1726245,ENSG00000163513,TGFBR2,expandedghs,Perfect
ILMN_1740345,ENSG00000151500,THYN1,expandedghs,Perfect
ILMN_2334042,ENSG00000151500,THYN1,expandedghs,Perfect
ILMN_1712634,ENSG00000116001,TIA1,expandedghs,Perfect
ILMN_1717745,ENSG00000151923,TIAL1,expandedghs,Perfect
ILMN_1796855,ENSG00000151923,TIAL1,expandedghs,Perfect
ILMN_1654560,ENSG00000174125,TLR1,expandedghs,Perfect
ILMN_1705047,ENSG00000101916,TLR8,expandedghs,Perfect
ILMN_1724139,ENSG00000152558,TMEM123,expandedboth,Perfect
ILMN_1683575,ENSG00000185973,LOC648605,expandedghs,Perfect
ILMN_1768816,ENSG00000120802,TMPO,expandedboth,Perfect
ILMN_1801307,ENSG00000121858,TNFSF10,expandedboth,Perfect
ILMN_1768181,ENSG00000186283,TOR3A,expandedghs,Perfect
ILMN_1764851,NA,NA,expandedghs,Bad
ILMN_2392143,ENSG00000175104,TRAF6,expandedghs,Perfect
ILMN_1758250,ENSG00000135148,TRAFD1,expandedghs,Perfect
ILMN_1779252,NA,NA,expandedboth,Bad
ILMN_1738704,ENSG00000137313,TRIM26,expandedghs,Perfect
,ENSG00000206421,,,
,ENSG00000206499,,,
ILMN_1704383,ENSG00000108395,TRIM37,expandedghs,Perfect
ILMN_2413517,ENSG00000204599,TRIM39,expandedghs,Perfect
,ENSG00000206419,,,
,ENSG00000206495,,,
ILMN_1796063,ENSG00000166326,TRIM44,expandedghs,Perfect
ILMN_1704972,ENSG00000132256,TRIM5,expandedboth,Perfect
ILMN_1737599,ENSG00000132256,TRIM5,expandedghs,Perfect
ILMN_2404665,ENSG00000132256,TRIM5,expandedboth,Perfect
ILMN_1805481,ENSG00000066651,TRMT11,expandedghs,Perfect
ILMN_1713668,ENSG00000116918,TSNAX,expandedghs,Perfect
ILMN_2038776,ENSG00000136810,TXN,expandedghs,Perfect
ILMN_1680314,ENSG00000136810,TXN,expandedghs,Perfect
ILMN_1783753,ENSG00000117862,TXNDC12,expandedboth,Perfect
ILMN_1772156,ENSG00000023318,ERP44,expandedghs,Perfect
ILMN_2324157,ENSG00000144744,UBA3,expandedboth,Perfect
ILMN_1703108,ENSG00000156587,UBE2L6,expandedboth,Perfect
ILMN_1692168,ENSG00000159202,UBE2Z,expandedghs,Perfect
ILMN_1798380,ENSG00000135018,UBQLN1,expandedghs,Perfect
ILMN_1795964,ENSG00000159459,UBR1,expandedboth,Perfect
ILMN_2110281,ENSG00000143222,UFC1,expandedghs,Perfect
ILMN_1737705,ENSG00000111647,UHRF1BP1L,expandedghs,Perfect
ILMN_2232936,ENSG00000173660,UQCRH,expandedghs,Perfect
ILMN_1739454,ENSG00000115464,USP34,expandedghs,Perfect
ILMN_1773505,ENSG00000114316,USP4,expandedboth,Perfect
ILMN_1809467,ENSG00000168899,VAMP5,expandedghs,Perfect
ILMN_1692546,ENSG00000112303,VNN2,expandedghs,Perfect
ILMN_1758864,ENSG00000112303,VNN2,expandedghs,Perfect
ILMN_2181089,ENSG00000145041,VPRBP,expandedghs,Perfect
ILMN_1809582,ENSG00000129003,VPS13C,expandedboth,Perfect
ILMN_2280911,ENSG00000006715,VPS41,expandedboth,Perfect
ILMN_1683243,ENSG00000136631,VPS45,expandedghs,Perfect
ILMN_1727271,ENSG00000140105,WARS,expandedghs,Perfect
ILMN_1716086,ENSG00000136709,WDR33,expandedghs,Perfect
ILMN_1741869,ENSG00000085433,WDR47,expandedghs,Perfect
ILMN_1799814,ENSG00000060688,SNRNP40,expandedghs,Perfect
ILMN_1747759,ENSG00000109046,WSB1,expandedghs,Perfect
ILMN_1742618,ENSG00000132530,XAF1,expandedboth,Perfect
ILMN_2174884,ENSG00000130227,XPO7,expandedboth,Good
ILMN_2188374,ENSG00000184575,XPOT,expandedboth,Perfect
ILMN_1677098,ENSG00000175155,YPEL2,expandedghs,Perfect
ILMN_1765994,NA,NA,expandedboth,Bad
ILMN_1655206,ENSG00000177125,ZBTB34,expandedghs,Perfect
ILMN_1795905,ENSG00000174282,ZBTB4,expandedghs,Perfect
ILMN_1693227,ENSG00000122299,ZC3H7A,expandedghs,Perfect
ILMN_1729973,ENSG00000105939,ZC3HAV1,expandedboth,Bad
ILMN_1724837,ENSG00000105939,ZC3HAV1,expandedboth,Perfect
ILMN_1684663,ENSG00000177054,ZDHHC13,expandedghs,Perfect
ILMN_1785831,ENSG00000177054,ZDHHC13,expandedghs,Perfect
ILMN_1741288,ENSG00000196646,ZNF136,expandedghs,Perfect
ILMN_1669516,ENSG00000137185,ZNF193,expandedghs,Perfect
ILMN_2376833,ENSG00000010539,ZNF200,expandedghs,Perfect
ILMN_1661293,ENSG00000186019,ZNF224,expandedghs,Perfect
ILMN_1710873,ENSG00000109445,ZNF330,expandedghs,Perfect
ILMN_1773247,ENSG00000119725,ZNF410,expandedghs,Perfect
ILMN_1764415,ENSG00000196967,ZNF585A,expandedghs,Perfect
ILMN_1654819,ENSG00000164048,ZNF589,expandedghs,Perfect
ILMN_1764854,ENSG00000160336,ZNF761,expandedghs,Perfect
ILMN_1750044,ENSG00000108278,ZNHIT3,expandedghs,Perfect
